project,hash,id
c-ares/c-ares,e982924acee7f7313b4baa4ee5ec000c5e373c30,baseline
c-ares/c-ares,956b7ebf685c51442c9723767b7a85697ffbaf47,grpc No.2
c-ares/c-ares,44c59a91c3f1c6a95592ce9ed92bb1bd3ac5838e,grpc No.3
madler/zlib,cacf7f1d4e3d44d871b605da3b647f07d718623f,baseline
madler/zlib,723e928b84b0adac84cc11ec5c075a45e1a79903,grpc No.8
grpc/grpc,v1.30.0,baseline
grpc/grpc,518ed1303c295f9c27e13dd8778ecabdaf9131e5,grpc No.132
grpc/grpc,2582018b2d4198c781fe55d98eae136622a55989,grpc No.172
grpc/grpc,5a9845607fe8244ed4f879c45b71f4bc1295a5d4,grpc No.172
grpc/grpc,f27a41db432de3126417bc4bdd9700acbf78ec41,grpc No.174
xbmc/xbmc,18.8-Leia,baseline
xbmc/xbmc,daefea21d9d1869b6298100244300e370712d552,xbmc No.5
xbmc/xbmc,88193f72d05f1a4104ea334ac953f7ed242a8a93,xbmc No.14
xbmc/xbmc,eb704d21c520fef13682823c5287b8635b0e6d83,xbmc No.113